id,first_name,last_name,email,gender,ip_address
1,Carlo,O'Fairy,cofairy0@google.fr,Male,133.102.201.2
2,Garvin,Van Der Weedenburg,gvanderweedenburg1@unc.edu,Male,255.28.230.214
3,Leyla,Emerson,lemerson2@quantcast.com,Female,170.115.157.242
4,Leigha,Cordes,lcordes3@ning.com,Female,109.41.57.12
5,Bruce,Costellow,bcostellow4@whitehouse.gov,Male,26.202.63.230
6,Randie,Patman,rpatman5@china.com.cn,Male,245.111.18.59
7,Morissa,Topp,mtopp6@seesaa.net,Female,118.77.208.22
8,Helen,Thumann,hthumann7@amazon.de,Female,92.19.190.5
9,Meggy,O'Geaney,mogeaney8@princeton.edu,Female,132.254.239.167
10,Guillema,Pennycock,gpennycock9@soup.io,Female,139.148.138.134
11,Loretta,Jedrzejewsky,ljedrzejewskya@wiley.com,Female,225.209.198.33
12,Rodger,Nurden,rnurdenb@washingtonpost.com,Male,115.251.11.71
13,Ferguson,Candy,fcandyc@sfgate.com,Male,69.191.118.76
14,Johnath,Dwyr,jdwyrd@macromedia.com,Female,236.132.185.65
15,Konrad,Hurburt,khurburte@php.net,Male,2.203.26.167
16,Dougie,Algore,dalgoref@ox.ac.uk,Male,222.73.169.201
17,Cissy,Kesey,ckeseyg@loc.gov,Female,136.15.137.0
18,Hyacinthe,Load,hloadh@kickstarter.com,Female,46.128.53.30
19,Elnore,Belchamp,ebelchampi@shinystat.com,Female,63.174.54.239
20,Galven,Blundon,gblundonj@trellian.com,Male,48.195.174.157
21,Hamid,Pennington,hpenningtonk@netscape.com,Male,133.130.223.134
22,Devondra,Canter,dcanterl@goo.ne.jp,Female,202.140.192.255
23,Berne,Reignould,breignouldm@printfriendly.com,Male,8.115.130.154
24,Thomasin,Burnhard,tburnhardn@drupal.org,Female,228.14.76.34
25,Nichole,Bassom,nbassomo@histats.com,Female,240.164.34.107
26,Kylen,Hitter,khitterp@rediff.com,Female,48.226.3.213
27,Wallace,Aim,waimq@baidu.com,Male,228.221.109.214
28,Carley,Carress,ccarressr@walmart.com,Female,59.48.95.251
29,Julina,Riddick,jriddicks@arstechnica.com,Female,133.179.70.63
30,Ebonee,Scutter,escuttert@blogs.com,Female,32.103.244.196
31,Andrej,Laffan,alaffanu@studiopress.com,Male,107.81.161.163
32,Auria,Anselm,aanselmv@accuweather.com,Female,222.34.162.247
33,Winne,Kullmann,wkullmannw@symantec.com,Female,161.60.226.119
34,Consalve,Glaisner,cglaisnerx@howstuffworks.com,Male,200.2.75.83
35,Tammie,Rubanenko,trubanenkoy@geocities.com,Female,41.174.68.31
36,Emilee,Wilden,ewildenz@ucsd.edu,Female,179.73.14.103
37,Teresa,Brockway,tbrockway10@sun.com,Female,251.21.218.38
38,Korry,Kempster,kkempster11@blogspot.com,Female,190.179.153.112
39,Arch,Streat,astreat12@gov.uk,Male,32.77.190.207
40,Tucky,Claypoole,tclaypoole13@163.com,Male,25.182.181.106
41,Cyndie,Laden,claden14@exblog.jp,Female,149.95.255.211
42,Brandice,Bristow,bbristow15@sina.com.cn,Female,180.194.8.17
43,Hattie,Bigrigg,hbigrigg16@auda.org.au,Female,240.174.161.17
44,Griz,Corbet,gcorbet17@homestead.com,Male,216.143.72.116
45,Karin,Sommerling,ksommerling18@biglobe.ne.jp,Female,74.189.206.174
46,Celina,Truman,ctruman19@dedecms.com,Female,167.224.19.163
47,Luther,Trillo,ltrillo1a@gravatar.com,Male,214.5.16.220
48,Elfrieda,Aspden,easpden1b@sina.com.cn,Female,118.129.65.86
49,Morganica,Saltsberg,msaltsberg1c@oracle.com,Female,217.2.168.176
50,Menard,Mattussevich,mmattussevich1d@usda.gov,Male,164.178.20.236
51,Lauree,Viel,lviel1e@flavors.me,Female,64.232.91.210
52,Thain,Guierre,tguierre1f@epa.gov,Male,245.6.70.240
53,Ringo,Fydoe,rfydoe1g@youku.com,Male,8.63.28.247
54,Sibyl,Troake,stroake1h@wikia.com,Male,38.156.198.87
55,Bryant,Foulgham,bfoulgham1i@patch.com,Male,229.173.199.78
56,Sheilah,Okeshott,sokeshott1j@4shared.com,Female,69.90.192.210
57,Tamar,Rawlins,trawlins1k@netvibes.com,Female,207.150.7.33
58,Yardley,Friman,yfriman1l@jimdo.com,Male,176.119.40.18
59,Henri,Barrus,hbarrus1m@xing.com,Male,39.86.62.21
60,Janek,Nassy,jnassy1n@yelp.com,Male,209.204.212.167
61,Eugenius,Paskins,epaskins1o@google.nl,Male,198.102.240.254
62,Leola,Byford,lbyford1p@imgur.com,Female,70.65.8.136
63,Anatollo,Cove,acove1q@flavors.me,Male,32.243.250.156
64,Beaufort,Wardrop,bwardrop1r@tiny.cc,Male,22.19.6.196
65,Rosamond,Grastye,rgrastye1s@wikia.com,Female,167.117.17.149
66,Trista,Hansana,thansana1t@seesaa.net,Female,163.25.109.33
67,Sam,Clifton,sclifton1u@reuters.com,Female,44.135.107.173
68,Jodie,Pitkin,jpitkin1v@booking.com,Male,241.136.101.154
69,Georgiana,Gosby,ggosby1w@ovh.net,Female,30.148.103.5
70,Iona,Dring,idring1x@netvibes.com,Female,62.138.172.243
71,Hugues,Humburton,hhumburton1y@deliciousdays.com,Male,88.178.88.118
72,Ailsun,Niezen,aniezen1z@moonfruit.com,Female,75.137.48.34
73,Ardelia,Clemmen,aclemmen20@ocn.ne.jp,Female,167.11.86.28
74,Mathias,Danbye,mdanbye21@dagondesign.com,Male,127.173.226.27
75,Lester,Gummie,lgummie22@gravatar.com,Male,62.166.94.59
76,Luise,Whelan,lwhelan23@typepad.com,Female,83.143.90.179
77,Meade,Crowcher,mcrowcher24@nifty.com,Male,53.206.235.94
78,Grantley,Ivel,givel25@blogger.com,Male,155.79.114.229
79,Iorgos,Fryatt,ifryatt26@smugmug.com,Male,81.174.162.179
80,Minni,Victoria,mvictoria27@usatoday.com,Female,28.163.56.28
81,Dorette,Press,dpress28@wix.com,Female,72.37.200.142
82,Donelle,Bassick,dbassick29@google.ca,Female,142.126.250.141
83,Delmer,Huyton,dhuyton2a@addtoany.com,Male,64.66.244.68
84,Augustus,Guichard,aguichard2b@mapy.cz,Male,107.32.225.248
85,Nari,Jaggli,njaggli2c@cam.ac.uk,Female,118.183.19.184
86,Molli,Gland,mgland2d@purevolume.com,Female,21.31.36.137
87,Symon,Fowkes,sfowkes2e@canalblog.com,Male,223.173.68.195
88,Jeni,Doward,jdoward2f@time.com,Female,173.245.91.1
89,Elisabet,Lazell,elazell2g@1688.com,Female,146.180.15.224
90,Mario,Dunan,mdunan2h@yolasite.com,Male,101.108.51.221
91,Niki,Baudry,nbaudry2i@phpbb.com,Male,125.90.121.177
92,Myra,Starbeck,mstarbeck2j@trellian.com,Female,85.191.203.111
93,Beitris,Klaesson,bklaesson2k@reference.com,Female,131.151.199.191
94,Garwin,Maynard,gmaynard2l@google.pl,Male,248.111.68.240
95,Dom,Timoney,dtimoney2m@ihg.com,Male,210.27.46.141
96,Matilde,Pighills,mpighills2n@dagondesign.com,Female,8.129.20.43
97,Dore,Schulken,dschulken2o@studiopress.com,Male,59.70.60.37
98,Myrvyn,Tourner,mtourner2p@imgur.com,Male,86.235.93.154
99,Auroora,Buckley,abuckley2q@wired.com,Female,53.187.27.181
100,Lock,Skillanders,lskillanders2r@tiny.cc,Male,156.20.155.49
101,Hal,Cunnane,hcunnane2s@apache.org,Male,44.201.218.149
102,Karil,Birckmann,kbirckmann2t@t-online.de,Female,118.165.128.210
103,Justina,Eady,jeady2u@360.cn,Female,30.113.84.43
104,Loy,Baudone,lbaudone2v@nydailynews.com,Male,82.231.199.72
105,Stuart,Cauthra,scauthra2w@4shared.com,Male,114.11.134.125
106,Pavel,Galfour,pgalfour2x@clickbank.net,Male,76.79.218.227
107,Karmen,Matiewe,kmatiewe2y@oakley.com,Female,30.28.121.131
108,Reinaldo,McAnellye,rmcanellye2z@bravesites.com,Male,35.86.32.231
109,Dorey,Elcock,delcock30@cpanel.net,Male,9.17.30.227
110,Renee,Wathey,rwathey31@economist.com,Female,120.4.251.93
111,Meredeth,Binstead,mbinstead32@geocities.jp,Male,90.35.242.21
112,Nanni,Girardot,ngirardot33@stumbleupon.com,Female,212.123.80.39
113,Kimbra,Ramos,kramos34@arstechnica.com,Female,159.59.120.150
114,Ernest,Mowett,emowett35@xrea.com,Male,164.222.104.114
115,Ewell,Fusedale,efusedale36@bigcartel.com,Male,88.255.156.4
116,Berty,Robb,brobb37@princeton.edu,Male,244.113.26.184
117,Emanuel,Sabates,esabates38@abc.net.au,Male,174.75.100.34
118,Daveta,Pluvier,dpluvier39@php.net,Female,33.16.114.15
119,Uriel,Capeling,ucapeling3a@marketwatch.com,Male,173.84.131.3
120,Silas,Clothier,sclothier3b@unc.edu,Male,72.66.221.32
121,Rancell,Billanie,rbillanie3c@forbes.com,Male,91.242.48.183
122,Hamid,O'Lynn,holynn3d@samsung.com,Male,83.125.221.5
123,Leesa,Ferenczy,lferenczy3e@go.com,Female,241.245.66.171
124,Anatola,Muccino,amuccino3f@addtoany.com,Female,187.14.116.192
125,Dyann,Goldin,dgoldin3g@bloomberg.com,Female,104.39.200.160
126,Cosimo,Duigan,cduigan3h@rakuten.co.jp,Male,79.129.127.129
127,Goober,Curragh,gcurragh3i@tiny.cc,Male,178.29.15.88
128,Issi,Julian,ijulian3j@google.co.jp,Female,242.78.187.155
129,Giustina,Sandys,gsandys3k@google.co.jp,Female,96.3.61.164
130,Kristi,Ogers,kogers3l@archive.org,Female,1.5.45.96
131,Sheela,Pail,spail3m@hao123.com,Female,141.213.88.111
132,Allan,Poge,apoge3n@paypal.com,Male,173.201.114.214
133,Loreen,Boadby,lboadby3o@jimdo.com,Female,172.148.23.104
134,Huntlee,Bruckshaw,hbruckshaw3p@etsy.com,Male,253.179.114.127
135,Hurlee,Pechacek,hpechacek3q@shinystat.com,Male,89.94.30.113
136,Lanny,Corneil,lcorneil3r@squarespace.com,Female,186.82.95.192
137,Margeaux,Philippet,mphilippet3s@google.ru,Female,186.108.17.6
138,Wilhelm,Ryde,wryde3t@istockphoto.com,Male,169.20.165.211
139,Candice,Loughnan,cloughnan3u@redcross.org,Female,126.151.236.137
140,Ephrayim,Pitchers,epitchers3v@cpanel.net,Male,50.213.199.227
141,Mariejeanne,Ingraham,mingraham3w@opera.com,Female,52.206.49.111
142,Annora,Carneck,acarneck3x@harvard.edu,Female,239.2.68.183
143,Conrade,Dodgshun,cdodgshun3y@usgs.gov,Male,77.124.69.21
144,Rahal,O'Mara,romara3z@marketwatch.com,Female,6.220.116.59
145,Leann,Muckian,lmuckian40@paginegialle.it,Female,194.225.137.239
146,Debera,Iacovelli,diacovelli41@skype.com,Female,85.1.16.75
147,Linoel,Batty,lbatty42@foxnews.com,Male,78.244.135.94
148,Jethro,Downing,jdowning43@yellowbook.com,Male,21.74.32.141
149,Valdemar,Duckering,vduckering44@cocolog-nifty.com,Male,39.55.242.108
150,Vivian,Spurdon,vspurdon45@usnews.com,Female,235.16.142.192
151,Peg,Burd,pburd46@artisteer.com,Female,144.20.252.69
152,Derick,Tansill,dtansill47@disqus.com,Male,78.116.60.89
153,Andee,Bloodworthe,abloodworthe48@prweb.com,Female,254.180.101.53
154,Astra,Loveless,aloveless49@stanford.edu,Female,76.108.166.40
155,Gradey,Padefield,gpadefield4a@craigslist.org,Male,126.89.26.31
156,Melania,Gergus,mgergus4b@moonfruit.com,Female,147.114.151.200
157,Blanche,Mawby,bmawby4c@nps.gov,Female,153.200.86.116
158,Sher,Johanssen,sjohanssen4d@flavors.me,Female,196.226.156.77
159,Otho,Orrice,oorrice4e@hubpages.com,Male,36.214.51.225
160,Kiersten,Metherell,kmetherell4f@is.gd,Female,84.145.162.139
161,Amitie,Arno,aarno4g@ca.gov,Female,151.53.179.198
162,Rouvin,Rigeby,rrigeby4h@goodreads.com,Male,117.117.149.104
163,Pru,Stegell,pstegell4i@oracle.com,Female,199.171.34.201
164,Meir,Josse,mjosse4j@businesswire.com,Male,88.154.28.250
165,Rochella,Ducker,rducker4k@usa.gov,Female,62.234.3.11
166,Cyrill,Dearl,cdearl4l@qq.com,Male,104.88.5.222
167,Ase,Whiteoak,awhiteoak4m@comcast.net,Male,86.233.54.205
168,Phillipe,Arnison,parnison4n@nbcnews.com,Male,56.170.78.124
169,Ruddy,O'Rafferty,rorafferty4o@upenn.edu,Male,4.13.168.231
170,Ximenez,Emanulsson,xemanulsson4p@redcross.org,Male,55.253.4.76
171,Kiersten,Walcar,kwalcar4q@bandcamp.com,Female,123.109.104.121
172,Carroll,Wade,cwade4r@istockphoto.com,Female,163.65.3.163
173,Padriac,Oldroyde,poldroyde4s@admin.ch,Male,139.91.142.232
174,Eugenie,Barends,ebarends4t@nba.com,Female,70.250.34.122
175,Harriot,Luchetti,hluchetti4u@seattletimes.com,Female,38.27.31.67
176,Norby,Pollok,npollok4v@infoseek.co.jp,Male,26.252.218.5
177,Bart,Reye,breye4w@cafepress.com,Male,39.162.62.141
178,Ian,Osichev,iosichev4x@shareasale.com,Male,218.249.93.98
179,Ariel,Scaysbrook,ascaysbrook4y@studiopress.com,Male,89.93.117.22
180,Farra,Fotitt,ffotitt4z@chicagotribune.com,Female,124.11.146.160
181,Reamonn,Kopfen,rkopfen50@e-recht24.de,Male,109.83.138.147
182,Garrard,Hewertson,ghewertson51@nytimes.com,Male,40.146.230.36
183,Kahlil,Chittim,kchittim52@flavors.me,Male,167.71.10.80
184,Archie,Breawood,abreawood53@vk.com,Male,177.32.208.140
185,Berrie,Shooter,bshooter54@geocities.jp,Female,215.188.236.253
186,Idell,Loukes,iloukes55@bloglines.com,Female,254.35.31.90
187,Prince,Read,pread56@skyrock.com,Male,195.123.194.14
188,Brooks,Wanless,bwanless57@wiley.com,Female,195.37.208.47
189,Tristam,Paquet,tpaquet58@bloglovin.com,Male,147.159.233.200
190,Marie-ann,Whieldon,mwhieldon59@sfgate.com,Female,150.248.156.236
191,Ortensia,Gimeno,ogimeno5a@php.net,Female,101.155.54.234
192,Duane,Schmidt,dschmidt5b@weather.com,Male,40.128.13.29
193,Tandie,Mapam,tmapam5c@symantec.com,Female,231.239.171.192
194,Domingo,Deedes,ddeedes5d@ehow.com,Male,171.231.33.129
195,Mauricio,Wharby,mwharby5e@bing.com,Male,126.62.244.93
196,Jacqui,Ickovits,jickovits5f@flavors.me,Female,67.111.236.169
197,Rafaello,Janaud,rjanaud5g@desdev.cn,Male,134.12.83.254
198,Abner,Upson,aupson5h@ibm.com,Male,12.128.17.54
199,Merna,Addis,maddis5i@nyu.edu,Female,103.255.5.171
200,Arabel,Langfitt,alangfitt5j@dagondesign.com,Female,218.62.97.79
201,Odille,Pallis,opallis5k@last.fm,Female,13.60.156.249
202,Matthiew,Jaycock,mjaycock5l@disqus.com,Male,170.106.38.123
203,Dalston,Domnick,ddomnick5m@skype.com,Male,74.147.146.111
204,Tara,Lennard,tlennard5n@flavors.me,Female,19.63.194.58
205,Remy,Harlin,rharlin5o@rambler.ru,Female,187.160.25.222
206,Hilde,Bethune,hbethune5p@ca.gov,Female,234.69.7.96
207,Pippy,Gemmill,pgemmill5q@ning.com,Female,58.196.184.102
208,Giovanna,Crock,gcrock5r@who.int,Female,133.76.92.19
209,Dun,Magauran,dmagauran5s@geocities.jp,Male,31.34.242.231
210,Nissy,Ebbings,nebbings5t@homestead.com,Female,18.183.105.155
211,Magdaia,Bridgwater,mbridgwater5u@fema.gov,Female,25.21.158.192
212,Lizzy,Dewdeny,ldewdeny5v@buzzfeed.com,Female,119.48.8.16
213,Harlie,Oman,homan5w@discuz.net,Female,189.37.240.230
214,Zeke,Rainford,zrainford5x@geocities.com,Male,46.154.99.188
215,Elijah,Mousdall,emousdall5y@rambler.ru,Male,167.0.29.200
216,Kent,Kewley,kkewley5z@issuu.com,Male,77.73.78.247
217,Kacie,Willimott,kwillimott60@topsy.com,Female,58.26.23.247
218,Iolanthe,Batter,ibatter61@independent.co.uk,Female,43.25.166.135
219,Bevin,Eldredge,beldredge62@nbcnews.com,Male,236.20.248.174
220,Aryn,Knappett,aknappett63@intel.com,Female,201.195.31.216
221,Dana,McGarrie,dmcgarrie64@privacy.gov.au,Male,238.69.34.189
222,Raeann,McAlinion,rmcalinion65@apple.com,Female,58.108.232.244
223,Anita,Daintree,adaintree66@sitemeter.com,Female,231.76.246.38
224,Samara,Feast,sfeast67@xing.com,Female,167.178.120.94
225,Abagail,Moffett,amoffett68@amazonaws.com,Female,132.92.222.86
226,Brigg,Flanaghan,bflanaghan69@patch.com,Male,109.73.94.91
227,Etta,Sudy,esudy6a@livejournal.com,Female,253.89.178.24
228,Meade,Lydiatt,mlydiatt6b@360.cn,Female,55.146.190.217
229,Birk,Dorran,bdorran6c@home.pl,Male,53.124.38.111
230,Isidor,Barniss,ibarniss6d@pagesperso-orange.fr,Male,11.124.38.120
231,Merle,Necolds,mnecolds6e@vistaprint.com,Female,36.230.55.102
232,Alaster,McLugaish,amclugaish6f@newsvine.com,Male,92.1.231.79
233,Corty,Hubbocks,chubbocks6g@tripadvisor.com,Male,153.220.11.110
234,Gaylor,Le Marquis,glemarquis6h@businesswire.com,Male,122.10.16.23
235,Kirstin,Connow,kconnow6i@e-recht24.de,Female,141.21.27.114
236,Kaiser,Metrick,kmetrick6j@dell.com,Male,240.201.101.66
237,Claus,Cronk,ccronk6k@yale.edu,Male,148.230.82.4
238,Patric,Verduin,pverduin6l@exblog.jp,Male,243.56.197.196
239,Aurlie,Duckerin,aduckerin6m@ow.ly,Female,64.120.130.189
240,Hollyanne,Marlin,hmarlin6n@wufoo.com,Female,122.159.222.15
241,Micky,Holliar,mholliar6o@nationalgeographic.com,Male,104.82.90.62
242,Virgie,Wollard,vwollard6p@kickstarter.com,Male,60.1.5.211
243,Willie,Burnside,wburnside6q@google.co.uk,Male,139.41.209.173
244,Irina,Calderbank,icalderbank6r@timesonline.co.uk,Female,39.89.183.190
245,Leese,Fellon,lfellon6s@vimeo.com,Female,218.163.182.198
246,Kizzee,Radband,kradband6t@nationalgeographic.com,Female,183.1.122.24
247,Ebenezer,Grestie,egrestie6u@nba.com,Male,61.254.81.209
248,Aldrich,Niess,aniess6v@bbb.org,Male,223.53.62.142
249,Dilan,Fenty,dfenty6w@printfriendly.com,Male,57.3.112.103
250,Augustine,Bushel,abushel6x@sfgate.com,Male,8.220.167.201
251,Shepperd,Martinec,smartinec6y@si.edu,Male,163.79.155.88
252,Yoko,Charlesworth,ycharlesworth6z@pagesperso-orange.fr,Female,161.9.9.66
253,Brady,Mockler,bmockler70@seattletimes.com,Male,233.17.82.158
254,Lezley,Etchingham,letchingham71@ow.ly,Male,81.207.225.65
255,Othilia,Spillard,ospillard72@nih.gov,Female,233.228.130.32
256,Helena,Aburrow,haburrow73@adobe.com,Female,87.37.220.36
257,Larisa,Suggey,lsuggey74@bloglovin.com,Female,114.160.208.206
258,Nicko,Alejo,nalejo75@sitemeter.com,Male,40.34.123.41
259,Gram,Bettis,gbettis76@fema.gov,Male,23.108.65.245
260,Clary,Matashkin,cmatashkin77@indiegogo.com,Female,117.8.105.144
261,Bartlett,Filpo,bfilpo78@4shared.com,Male,8.249.136.220
262,Stephenie,Greenman,sgreenman79@dmoz.org,Female,215.23.197.229
263,Carlee,Theze,ctheze7a@dropbox.com,Female,235.154.198.112
264,Forbes,Sleigh,fsleigh7b@seattletimes.com,Male,29.91.68.168
265,Yasmeen,Wensley,ywensley7c@foxnews.com,Female,80.230.147.22
266,Biron,Broadfield,bbroadfield7d@123-reg.co.uk,Male,151.14.235.246
267,Effie,Osban,eosban7e@bloglines.com,Female,217.83.217.164
268,Friedrick,Faircloth,ffaircloth7f@opera.com,Male,209.196.136.108
269,Danyette,Merner,dmerner7g@diigo.com,Female,114.54.48.63
270,Wood,Staning,wstaning7h@cam.ac.uk,Male,186.178.173.36
271,Mal,Balmann,mbalmann7i@fotki.com,Male,0.156.168.230
272,Afton,Drohane,adrohane7j@google.nl,Female,4.121.121.146
273,Klaus,Thuillier,kthuillier7k@shareasale.com,Male,234.187.3.199
274,Merridie,Brager,mbrager7l@deliciousdays.com,Female,144.116.36.42
275,Karel,Biddulph,kbiddulph7m@alexa.com,Female,96.22.34.214
276,Fenelia,Howcroft,fhowcroft7n@jigsy.com,Female,174.152.246.148
277,Flora,Tippetts,ftippetts7o@lycos.com,Female,172.114.164.183
278,Pet,Senecaux,psenecaux7p@craigslist.org,Female,69.92.10.74
279,Kendricks,Attwool,kattwool7q@joomla.org,Male,9.231.11.254
280,Gerrie,Goodee,ggoodee7r@amazonaws.com,Female,0.240.167.52
281,Alfonse,De Gogay,adegogay7s@csmonitor.com,Male,119.113.11.204
282,Kaitlin,Bramall,kbramall7t@mozilla.org,Female,179.23.146.34
283,Kimmy,Redfern,kredfern7u@abc.net.au,Female,52.138.77.185
284,Stanfield,Chelley,schelley7v@mail.ru,Male,27.38.11.54
285,Seth,Collaton,scollaton7w@ft.com,Male,48.72.106.179
286,Aldon,Stonebridge,astonebridge7x@mediafire.com,Male,22.179.177.135
287,Torey,Brazear,tbrazear7y@github.com,Male,45.121.227.193
288,Kahlil,Morecomb,kmorecomb7z@phpbb.com,Male,116.38.149.169
289,Leighton,Fricke,lfricke80@devhub.com,Male,125.146.129.179
290,Janith,Huscroft,jhuscroft81@i2i.jp,Female,0.200.206.172
291,Devland,Durbann,ddurbann82@flickr.com,Male,148.114.79.119
292,Dell,Treacy,dtreacy83@altervista.org,Male,153.81.81.93
293,Lorilee,Leverage,lleverage84@vk.com,Female,139.206.208.191
294,Joshuah,Hansod,jhansod85@phpbb.com,Male,180.126.175.250
295,Philip,Abramovic,pabramovic86@netlog.com,Male,160.177.52.55
296,Dorri,Humblestone,dhumblestone87@dot.gov,Female,155.42.220.139
297,Guilbert,Ondrak,gondrak88@sourceforge.net,Male,143.145.40.56
298,Daren,Jackson,djackson89@360.cn,Male,123.85.135.63
299,Harlan,Babbidge,hbabbidge8a@wikipedia.org,Male,186.237.222.31
300,Beulah,Village,bvillage8b@mapquest.com,Female,114.180.229.163
301,Murray,Bold,mbold8c@ibm.com,Male,229.198.51.242
302,Monti,Sharvill,msharvill8d@wikipedia.org,Male,210.123.236.71
303,Xavier,Radmore,xradmore8e@drupal.org,Male,87.209.182.172
304,Pete,Greguoli,pgreguoli8f@liveinternet.ru,Male,223.67.151.208
305,Waly,Bail,wbail8g@nsw.gov.au,Female,232.9.189.96
306,Asia,Andriuzzi,aandriuzzi8h@topsy.com,Female,63.200.226.84
307,Burr,Scud,bscud8i@amazon.co.uk,Male,39.116.2.247
308,Charlton,Muro,cmuro8j@walmart.com,Male,237.175.172.133
309,De,Peltz,dpeltz8k@google.ca,Female,170.59.186.10
310,Binnie,Forsaith,bforsaith8l@bizjournals.com,Female,170.200.100.201
311,Friederike,Cuseck,fcuseck8m@bloglines.com,Female,19.61.164.12
312,Stephanie,Terrazzo,sterrazzo8n@marriott.com,Female,142.184.222.221
313,Marty,Ellicott,mellicott8o@blinklist.com,Female,233.126.189.84
314,Garvey,Davidson,gdavidson8p@cam.ac.uk,Male,40.233.28.52
315,Olin,Penbarthy,openbarthy8q@exblog.jp,Male,241.22.124.85
316,Luke,Bubbins,lbubbins8r@skype.com,Male,161.9.234.112
317,Dasya,Whatling,dwhatling8s@nps.gov,Female,34.46.30.193
318,Murvyn,Lowten,mlowten8t@washington.edu,Male,115.82.36.48
319,Mickey,Pechan,mpechan8u@goo.gl,Male,21.46.80.186
320,Lezlie,Deddum,ldeddum8v@google.ca,Female,24.215.232.18
321,Colan,Maycock,cmaycock8w@ycombinator.com,Male,25.75.50.55
322,Cordelia,Powelee,cpowelee8x@edublogs.org,Female,88.156.25.74
323,Morton,Joinsey,mjoinsey8y@springer.com,Male,174.77.139.64
324,Artair,Jacqueminot,ajacqueminot8z@google.ca,Male,249.55.146.211
325,Tanny,Bradnock,tbradnock90@shutterfly.com,Male,247.104.182.5
326,Kassi,MacQuaker,kmacquaker91@diigo.com,Female,221.193.210.143
327,Charles,Hollyer,chollyer92@twitpic.com,Male,71.131.68.236
328,Constance,McGaughay,cmcgaughay93@princeton.edu,Female,55.162.151.180
329,Pascal,Saph,psaph94@icio.us,Male,43.8.114.87
330,Hardy,Seadon,hseadon95@qq.com,Male,250.250.0.152
331,Hilarius,Petrolli,hpetrolli96@netlog.com,Male,155.123.62.122
332,Adela,Vinson,avinson97@tinypic.com,Female,192.160.15.137
333,Bren,Vasilevich,bvasilevich98@sun.com,Male,173.140.180.184
334,Artemis,Bloodworth,abloodworth99@privacy.gov.au,Male,192.216.46.239
335,Deborah,Chazerand,dchazerand9a@opera.com,Female,70.118.44.206
336,Nady,Maryon,nmaryon9b@nationalgeographic.com,Female,55.135.62.24
337,Hermy,Dennett,hdennett9c@oaic.gov.au,Male,234.249.97.144
338,Angela,Banting,abanting9d@theglobeandmail.com,Female,159.40.85.20
339,Fidelity,Beaufoy,fbeaufoy9e@livejournal.com,Female,208.228.133.59
340,Catharina,Logg,clogg9f@boston.com,Female,39.5.179.146
341,Starla,Rohfsen,srohfsen9g@aol.com,Female,240.91.196.205
342,Petr,Stienham,pstienham9h@techcrunch.com,Male,101.243.141.77
343,Giffer,Mac Giolla Pheadair,gmacgiollapheadair9i@google.ca,Male,114.28.90.223
344,Waiter,Overill,woverill9j@cornell.edu,Male,88.163.205.191
345,Cherey,Catanheira,ccatanheira9k@blogger.com,Female,42.159.205.165
346,Britta,Stanett,bstanett9l@technorati.com,Female,19.211.108.161
347,Myrtice,Vaar,mvaar9m@rakuten.co.jp,Female,169.19.158.36
348,Vernice,Shimon,vshimon9n@sphinn.com,Female,94.241.125.202
349,Fiona,Castle,fcastle9o@blogger.com,Female,1.208.197.56
350,Carissa,Pepperrall,cpepperrall9p@hhs.gov,Female,151.60.109.51
351,Davide,Henricsson,dhenricsson9q@google.co.jp,Male,241.4.135.20
352,Riannon,Procter,rprocter9r@ibm.com,Female,207.177.168.245
353,Jenine,Galilee,jgalilee9s@dedecms.com,Female,98.0.163.54
354,Orren,Bridge,obridge9t@xing.com,Male,0.65.226.211
355,Rudiger,Aaronsohn,raaronsohn9u@meetup.com,Male,0.1.253.252
356,Zak,Darch,zdarch9v@umich.edu,Male,142.87.130.138
357,Allie,MacCarter,amaccarter9w@shop-pro.jp,Male,102.20.212.95
358,Sherye,Hanton,shanton9x@example.com,Female,73.79.28.69
359,Cherry,Menure,cmenure9y@forbes.com,Female,135.108.14.135
360,Letti,Ivanuschka,livanuschka9z@chron.com,Female,83.86.177.207
361,Edita,Trangmar,etrangmara0@dyndns.org,Female,109.183.153.253
362,Pippo,Feron,pferona1@spotify.com,Male,163.240.205.221
363,Carie,Pudan,cpudana2@privacy.gov.au,Female,164.69.205.167
364,Rolph,Gilvary,rgilvarya3@oracle.com,Male,241.169.167.58
365,Blanch,Bert,bberta4@cloudflare.com,Female,5.123.83.178
366,Sloane,Waltering,swalteringa5@behance.net,Male,225.113.3.79
367,Arlyne,Verlinde,averlindea6@theglobeandmail.com,Female,108.71.71.174
368,Jessee,Bratch,jbratcha7@unesco.org,Male,115.76.189.168
369,Caryl,Alfonsini,calfonsinia8@dyndns.org,Male,225.51.120.97
370,Bryan,Endrici,bendricia9@nationalgeographic.com,Male,153.105.56.42
371,Virge,Pitrollo,vpitrolloaa@networksolutions.com,Male,78.118.143.159
372,Emmerich,Gateman,egatemanab@youku.com,Male,233.197.105.229
373,Dorris,Geraghty,dgeraghtyac@feedburner.com,Female,215.134.241.241
374,Rena,Heinecke,rheineckead@histats.com,Female,203.164.71.98
375,Findley,Pinn,fpinnae@de.vu,Male,105.144.84.56
376,Barclay,Alfonsini,balfonsiniaf@netlog.com,Male,198.11.57.211
377,Linoel,Szanto,lszantoag@artisteer.com,Male,122.45.18.1
378,Maryanne,Whether,mwhetherah@csmonitor.com,Female,120.72.134.37
379,Cathyleen,Sawden,csawdenai@nifty.com,Female,77.38.157.29
380,Rafi,Henden,rhendenaj@wikimedia.org,Male,78.118.122.2
381,Keri,McCabe,kmccabeak@timesonline.co.uk,Female,120.167.147.30
382,Donn,Owen,dowenal@economist.com,Male,216.0.50.51
383,Jeffie,Mizen,jmizenam@phoca.cz,Male,215.93.254.216
384,Chris,Alfonsetto,calfonsettoan@sbwire.com,Male,187.66.91.184
385,Courtnay,Eric,cericao@ow.ly,Female,6.209.6.195
386,Shalne,Blyth,sblythap@icq.com,Female,206.21.35.179
387,Stanton,Daniels,sdanielsaq@state.gov,Male,123.17.55.176
388,Stephanus,Gamet,sgametar@woothemes.com,Male,226.58.19.117
389,Chucho,Denzey,cdenzeyas@umich.edu,Male,201.161.30.157
390,Tori,Treadway,ttreadwayat@themeforest.net,Female,189.195.203.163
391,Ellissa,Nore,enoreau@google.co.jp,Female,248.49.125.224
392,Broddy,Stratiff,bstratiffav@yolasite.com,Male,174.217.37.137
393,Kimble,Esposito,kespositoaw@scientificamerican.com,Male,196.241.212.107
394,Randolf,Eam,reamax@meetup.com,Male,174.23.10.210
395,Walther,Attewell,wattewellay@yellowbook.com,Male,50.3.149.202
396,Gan,Jerok,gjerokaz@w3.org,Male,49.197.188.24
397,Casi,Vanyard,cvanyardb0@vk.com,Female,123.48.45.227
398,Sean,Laytham,slaythamb1@twitpic.com,Male,217.195.118.216
399,Gayle,Dunklee,gdunkleeb2@mapy.cz,Male,150.180.40.100
400,Alanson,Champneys,achampneysb3@princeton.edu,Male,31.223.139.44
401,Dulcinea,Rainer,drainerb4@booking.com,Female,139.135.219.61
402,Renado,Fallowfield,rfallowfieldb5@eepurl.com,Male,56.154.36.1
403,Pearline,Balasin,pbalasinb6@nydailynews.com,Female,140.49.197.105
404,Joelynn,Pimley,jpimleyb7@berkeley.edu,Female,33.171.243.51
405,Sibbie,Cleatherow,scleatherowb8@jimdo.com,Female,24.243.236.250
406,Nolly,MacKeever,nmackeeverb9@apache.org,Male,54.171.29.56
407,Chad,Tasker,ctaskerba@nytimes.com,Male,240.219.56.230
408,Murry,Orpyne,morpynebb@thetimes.co.uk,Male,34.240.124.216
409,Horacio,Marde,hmardebc@blogspot.com,Male,125.201.182.239
410,Danica,Race,dracebd@privacy.gov.au,Female,151.11.1.81
411,Alva,Sonschein,asonscheinbe@google.it,Male,246.95.120.53
412,Antons,Cookson,acooksonbf@friendfeed.com,Male,212.109.13.105
413,Gerhardt,Rubee,grubeebg@soup.io,Male,154.75.92.193
414,Guenevere,Crighten,gcrightenbh@toplist.cz,Female,31.190.44.67
415,Dory,Empleton,dempletonbi@wunderground.com,Male,173.74.244.21
416,Lorraine,Gatcliff,lgatcliffbj@toplist.cz,Female,24.203.99.224
417,Blaine,Hakking,bhakkingbk@hc360.com,Male,239.118.234.94
418,Marcellina,Handasyde,mhandasydebl@i2i.jp,Female,172.162.4.80
419,Adair,Spink,aspinkbm@nature.com,Male,149.88.198.8
420,Kass,Pochon,kpochonbn@hubpages.com,Female,122.209.166.90
421,Mart,Onions,monionsbo@china.com.cn,Male,5.223.190.49
422,Austen,Corradi,acorradibp@youku.com,Male,215.84.77.238
423,Anthia,Spilsburie,aspilsburiebq@dailymail.co.uk,Female,209.18.220.14
424,Farr,Reede,freedebr@hhs.gov,Male,64.224.58.158
425,Chloette,Mousdall,cmousdallbs@rakuten.co.jp,Female,22.186.119.159
426,Laetitia,Phuprate,lphupratebt@gmpg.org,Female,13.82.204.239
427,Lesya,Blackleech,lblackleechbu@weibo.com,Female,20.58.132.113
428,Evangeline,Queree,equereebv@smh.com.au,Female,8.168.49.152
429,Kennett,Thaxter,kthaxterbw@slate.com,Male,111.182.14.239
430,Leodora,Readmire,lreadmirebx@amazon.co.jp,Female,211.207.243.150
431,Dalia,Hedde,dheddeby@arstechnica.com,Female,134.217.148.96
432,Ad,Kun,akunbz@illinois.edu,Male,8.72.172.208
433,Junina,Geraldini,jgeraldinic0@jigsy.com,Female,75.216.62.136
434,Adi,Shadrack,ashadrackc1@redcross.org,Female,185.147.62.43
435,Farand,Ryles,frylesc2@chicagotribune.com,Female,209.116.202.7
436,Elset,Ilyasov,eilyasovc3@quantcast.com,Female,153.79.184.49
437,Idelle,Jefferson,ijeffersonc4@alibaba.com,Female,229.220.19.112
438,Clio,Shiels,cshielsc5@netscape.com,Female,32.98.69.43
439,Allene,Dransfield,adransfieldc6@slideshare.net,Female,228.185.229.198
440,Davin,Roswarne,droswarnec7@telegraph.co.uk,Male,40.95.177.203
441,Cherilyn,Smitherman,csmithermanc8@sbwire.com,Female,159.176.40.237
442,Gnni,Webermann,gwebermannc9@cbc.ca,Female,233.209.164.213
443,Albert,Duer,aduerca@mozilla.org,Male,160.9.35.21
444,Cristi,Horwell,chorwellcb@weebly.com,Female,222.143.209.173
445,Darcee,Tudge,dtudgecc@live.com,Female,212.252.244.14
446,La verne,Frosch,lfroschcd@archive.org,Female,165.243.113.99
447,Rex,Reape,rreapece@mac.com,Male,98.186.83.85
448,Burke,Sarre,bsarrecf@csmonitor.com,Male,94.191.194.242
449,Emylee,Wildin,ewildincg@cornell.edu,Female,128.8.0.109
450,Brent,Jako,bjakoch@imageshack.us,Male,83.87.200.238
451,Heidi,Wolters,hwoltersci@upenn.edu,Female,195.21.162.59
452,Estell,Bubear,ebubearcj@cloudflare.com,Female,24.148.36.249
453,Nevile,Hodgen,nhodgenck@harvard.edu,Male,9.139.164.241
454,Gerrilee,Lynnett,glynnettcl@statcounter.com,Female,200.214.154.232
455,Cynde,Isard,cisardcm@wikispaces.com,Female,118.24.197.111
456,Lyman,Kingscott,lkingscottcn@reference.com,Male,82.139.108.174
457,Antonius,Menat,amenatco@nps.gov,Male,13.208.218.218
458,Ramon,Baulk,rbaulkcp@fc2.com,Male,184.139.195.106
459,Carney,Sutch,csutchcq@gnu.org,Male,98.83.120.33
460,Delinda,Lacheze,dlachezecr@cafepress.com,Female,201.209.109.253
461,Charley,Vahl,cvahlcs@npr.org,Male,93.231.193.24
462,Kane,Trye,ktryect@naver.com,Male,79.233.67.43
463,Venus,Shevell,vshevellcu@abc.net.au,Female,195.64.29.58
464,Edie,Ravilus,eraviluscv@photobucket.com,Female,120.108.101.35
465,Loella,Ren,lrencw@weebly.com,Female,12.58.22.173
466,Felicity,Domeny,fdomenycx@dot.gov,Female,71.114.212.119
467,Lowe,Frizell,lfrizellcy@accuweather.com,Male,202.87.3.121
468,Hendrick,Bools,hboolscz@yellowpages.com,Male,200.54.244.170
469,Penni,Patton,ppattond0@jugem.jp,Female,237.16.151.84
470,Donella,Hearn,dhearnd1@nbcnews.com,Female,66.80.73.199
471,Chadd,Thulborn,cthulbornd2@nba.com,Male,40.108.31.193
472,Freeland,Scrine,fscrined3@vinaora.com,Male,136.203.124.11
473,Borg,Meany,bmeanyd4@shop-pro.jp,Male,36.219.99.177
474,Fanchon,Hendrickson,fhendricksond5@nationalgeographic.com,Female,53.98.195.10
475,Chandler,Lindl,clindld6@princeton.edu,Male,153.240.14.174
476,Christy,Bladen,cbladend7@gnu.org,Female,37.227.88.92
477,Farlay,Andresser,fandresserd8@nydailynews.com,Male,17.47.90.230
478,Corrinne,McPike,cmcpiked9@wordpress.com,Female,194.56.97.204
479,Edsel,Hoult,ehoultda@tripod.com,Male,142.252.184.254
480,Foss,Dorant,fdorantdb@oaic.gov.au,Male,164.139.229.35
481,Jasper,Seif,jseifdc@imdb.com,Male,96.172.100.37
482,Moshe,McDermid,mmcdermiddd@bravesites.com,Male,132.214.40.245
483,Elset,Horney,ehorneyde@livejournal.com,Female,215.37.190.150
484,Juliette,Whiskerd,jwhiskerddf@reddit.com,Female,13.169.43.20
485,Kelvin,Colebeck,kcolebeckdg@digg.com,Male,49.222.68.216
486,Dino,Bowring,dbowringdh@clickbank.net,Male,52.255.185.175
487,Alair,Thomas,athomasdi@ow.ly,Male,14.160.127.198
488,Rainer,Darlington,rdarlingtondj@artisteer.com,Male,146.227.223.80
489,Katerine,Colebrook,kcolebrookdk@msu.edu,Female,176.113.79.43
490,Mendel,Jankiewicz,mjankiewiczdl@craigslist.org,Male,60.185.12.86
491,Chandler,Mathieson,cmathiesondm@disqus.com,Male,145.161.112.86
492,Bradley,Addington,baddingtondn@wisc.edu,Male,93.56.96.196
493,Rusty,Breacher,rbreacherdo@chronoengine.com,Male,94.111.233.19
494,Niall,Staples,nstaplesdp@tinypic.com,Male,79.24.32.240
495,Karine,Gommey,kgommeydq@netscape.com,Female,149.53.1.110
496,Tedra,Kiggel,tkiggeldr@nature.com,Female,202.229.253.33
497,Penni,Collumbell,pcollumbellds@samsung.com,Female,16.93.39.216
498,Patrick,Stuchbery,pstuchberydt@answers.com,Male,46.16.213.245
499,Coretta,Luff,cluffdu@a8.net,Female,169.51.20.138
500,Lura,Guest,lguestdv@example.com,Female,142.181.185.202
501,Ambrosi,Oakhill,aoakhilldw@rakuten.co.jp,Male,34.113.18.173
502,Hastie,Pring,hpringdx@vk.com,Male,230.172.56.40
503,Walsh,Marrison,wmarrisondy@hc360.com,Male,29.157.35.0
504,Dar,Leonardi,dleonardidz@japanpost.jp,Male,125.121.118.164
505,Madelyn,Albion,malbione0@multiply.com,Female,136.182.95.156
506,Nissy,Slorance,nslorancee1@uol.com.br,Female,103.199.237.55
507,Kayle,Manginot,kmanginote2@cnbc.com,Female,204.218.37.53
508,Dorey,Verecker,dvereckere3@chicagotribune.com,Male,246.187.192.74
509,Delia,Jentzsch,djentzsche4@shareasale.com,Female,190.68.248.133
510,Philippa,Benito,pbenitoe5@yahoo.com,Female,245.181.15.60
511,Tonya,Whaley,twhaleye6@typepad.com,Female,164.202.212.75
512,Edeline,Stelle,estellee7@dropbox.com,Female,112.79.49.108
513,Levy,Tickel,ltickele8@tinypic.com,Male,127.168.177.5
514,Case,Gemlbett,cgemlbette9@google.com.br,Male,109.243.224.195
515,Chrissie,Eggar,ceggarea@redcross.org,Male,102.221.201.195
516,Charlot,Satch,csatcheb@goo.ne.jp,Female,149.113.122.201
517,Lilyan,Kirwood,lkirwoodec@constantcontact.com,Female,101.169.106.143
518,Burg,Insworth,binsworthed@naver.com,Male,26.221.228.126
519,Sonya,Genge,sgengeee@trellian.com,Female,185.139.191.82
520,Brigitte,Huddles,bhuddlesef@walmart.com,Female,122.17.133.118
521,Michaela,Vannoort,mvannoorteg@elegantthemes.com,Female,47.249.243.222
522,Eydie,Crebott,ecrebotteh@com.com,Female,213.42.25.158
523,Quintin,Gyse,qgyseei@census.gov,Male,204.23.32.107
524,Tonie,O' Donohue,todonohueej@sakura.ne.jp,Female,26.123.140.248
525,Jade,Gethen,jgethenek@multiply.com,Female,8.194.15.98
526,Evyn,Orta,eortael@reverbnation.com,Male,118.88.215.17
527,Delmore,Renshaw,drenshawem@hostgator.com,Male,228.237.180.79
528,Britta,Honack,bhonacken@vistaprint.com,Female,143.30.123.233
529,Moritz,Whapple,mwhappleeo@nih.gov,Male,109.127.240.39
530,Flory,Carolan,fcarolanep@devhub.com,Female,151.59.68.172
531,Aleece,Binstead,abinsteadeq@weather.com,Female,163.123.88.158
532,Northrop,Kun,nkuner@github.io,Male,198.33.128.167
533,Anatollo,Goalby,agoalbyes@behance.net,Male,62.163.220.80
534,Matthus,Acuna,macunaet@theatlantic.com,Male,10.202.160.183
535,Myrvyn,Franckton,mfrancktoneu@hibu.com,Male,87.3.127.140
536,Marchelle,Sissland,msisslandev@zimbio.com,Female,173.55.151.189
537,Kenn,Fischer,kfischerew@economist.com,Male,194.57.176.225
538,Derby,Skillicorn,dskillicornex@twitpic.com,Male,8.38.57.112
539,Charlena,Story,cstoryey@blogtalkradio.com,Female,182.140.217.216
540,Doe,Creagh,dcreaghez@nationalgeographic.com,Female,106.238.111.85
541,Wat,Annwyl,wannwylf0@usnews.com,Male,229.191.62.12
542,Hoyt,Backler,hbacklerf1@elpais.com,Male,18.122.157.5
543,Lyon,Lobell,llobellf2@apache.org,Male,66.247.46.74
544,Joceline,Aronoff,jaronofff3@purevolume.com,Female,39.236.169.111
545,Zondra,Dewitt,zdewittf4@vinaora.com,Female,49.138.47.21
546,Hilliary,Tilby,htilbyf5@cargocollective.com,Female,208.243.17.30
547,Brandi,Hellmer,bhellmerf6@netscape.com,Female,92.66.114.63
548,Haley,McAlarney,hmcalarneyf7@indiatimes.com,Female,87.179.117.227
549,Duane,Wilse,dwilsef8@baidu.com,Male,78.63.171.131
550,Ingmar,Revelle,irevellef9@ucoz.com,Male,78.139.248.48
551,Eugenius,Mansbridge,emansbridgefa@marriott.com,Male,50.255.146.142
552,Conny,Seager,cseagerfb@indiegogo.com,Female,213.57.1.63
553,Christoper,Pritty,cprittyfc@columbia.edu,Male,65.108.135.152
554,Moshe,Baldock,mbaldockfd@nasa.gov,Male,128.191.162.176
555,Bernadina,Dakhov,bdakhovfe@ycombinator.com,Female,47.12.50.203
556,Tadio,Eames,teamesff@indiegogo.com,Male,123.227.177.212
557,Zedekiah,Rany,zranyfg@tiny.cc,Male,115.187.37.194
558,Patric,Holliar,pholliarfh@facebook.com,Male,114.136.59.155
559,Edithe,Robens,erobensfi@google.pl,Female,253.80.165.60
560,Skippie,Doak,sdoakfj@discovery.com,Male,80.205.18.0
561,Bathsheba,Welchman,bwelchmanfk@nsw.gov.au,Female,79.181.88.25
562,Amalie,Cord,acordfl@home.pl,Female,102.238.143.199
563,Peyton,Besse,pbessefm@disqus.com,Male,199.16.44.138
564,Lilyan,Dudney,ldudneyfn@drupal.org,Female,143.40.241.99
565,Bernadine,Chisholme,bchisholmefo@opera.com,Female,178.143.252.186
566,Brock,Hassen,bhassenfp@hhs.gov,Male,55.72.171.52
567,Ash,Tregoning,atregoningfq@posterous.com,Male,138.203.52.66
568,Sophey,Filon,sfilonfr@mit.edu,Female,66.51.126.111
569,Kala,Ducarel,kducarelfs@phoca.cz,Female,62.4.145.164
570,Gaile,Gonnely,ggonnelyft@gmpg.org,Male,116.131.47.156
571,Joey,Beckitt,jbeckittfu@stanford.edu,Male,237.250.186.72
572,Ardisj,Farndell,afarndellfv@bbc.co.uk,Female,81.152.223.111
573,Timmy,Yockney,tyockneyfw@e-recht24.de,Female,86.153.94.112
574,Clerissa,Pray,cprayfx@digg.com,Female,93.35.27.36
575,Lesley,Drewett,ldrewettfy@oaic.gov.au,Male,139.6.112.8
576,Kerwin,Thayre,kthayrefz@twitpic.com,Male,144.172.225.130
577,Karen,O'Hogertie,kohogertieg0@bigcartel.com,Female,181.165.82.218
578,Jaye,Flobert,jflobertg1@wp.com,Male,235.211.35.51
579,Helaina,Pimlott,hpimlottg2@rakuten.co.jp,Female,202.247.77.49
580,Isacco,Filipychev,ifilipychevg3@ovh.net,Male,113.201.252.26
581,Randal,Starmore,rstarmoreg4@omniture.com,Male,188.49.106.123
582,Elicia,Yablsley,eyablsleyg5@php.net,Female,218.194.184.170
583,Kirstyn,Dunster,kdunsterg6@princeton.edu,Female,169.167.3.235
584,Madelena,Wellstead,mwellsteadg7@dion.ne.jp,Female,148.37.204.129
585,Galvin,Chittim,gchittimg8@shop-pro.jp,Male,57.10.207.203
586,Grantham,Gronav,ggronavg9@twitpic.com,Male,139.116.246.76
587,Marcellina,MacColm,mmaccolmga@123-reg.co.uk,Female,192.73.119.73
588,Dulciana,Boynton,dboyntongb@uiuc.edu,Female,61.151.150.54
589,Rutledge,Parish,rparishgc@ucla.edu,Male,45.157.91.168
590,Timothee,Walisiak,twalisiakgd@shop-pro.jp,Male,130.77.103.117
591,Weber,Caroline,wcarolinege@statcounter.com,Male,32.188.226.158
592,Susy,Mortel,smortelgf@bloomberg.com,Female,200.197.130.233
593,Duffie,Maylin,dmaylingg@nature.com,Male,239.131.5.155
594,Michelle,Plose,mplosegh@nhs.uk,Female,86.152.38.173
595,Emelen,Stadden,estaddengi@freewebs.com,Male,2.25.219.162
596,Winn,Kramer,wkramergj@ehow.com,Male,185.94.144.88
597,Scottie,McKeurtan,smckeurtangk@nyu.edu,Male,181.226.109.75
598,Caz,Dingley,cdingleygl@istockphoto.com,Male,250.144.177.5
599,Maggee,Paull,mpaullgm@furl.net,Female,215.92.18.225
600,Meir,Kellog,mkelloggn@ifeng.com,Male,153.232.56.127
601,Cornelle,Spinnace,cspinnacego@taobao.com,Female,70.29.119.212
602,Gale,Lys,glysgp@live.com,Male,134.210.176.97
603,North,Clilverd,nclilverdgq@earthlink.net,Male,98.91.225.186
604,Conroy,Grumell,cgrumellgr@dedecms.com,Male,142.146.75.237
605,El,Dallison,edallisongs@psu.edu,Male,168.226.144.128
606,Liuka,Fridaye,lfridayegt@cbc.ca,Female,24.89.123.166
607,Carl,Bernardeau,cbernardeaugu@yale.edu,Male,40.1.152.109
608,Corabel,Everest,ceverestgv@mozilla.org,Female,89.148.34.144
609,Avram,Ackrill,aackrillgw@symantec.com,Male,97.190.182.38
610,Stavros,Chark,scharkgx@tiny.cc,Male,233.3.84.70
611,Paddy,Pickerin,ppickeringy@hexun.com,Male,158.206.239.29
612,Aggy,Bausor,abausorgz@dropbox.com,Female,7.249.225.141
613,Gena,Peake,gpeakeh0@biglobe.ne.jp,Female,234.188.106.228
614,Dannye,Perham,dperhamh1@tripadvisor.com,Female,40.211.145.94
615,Carmelia,Hazlegrove,chazlegroveh2@behance.net,Female,225.171.242.95
616,Caroline,Stoneley,cstoneleyh3@macromedia.com,Female,86.185.121.13
617,Wynne,Miguet,wmigueth4@sbwire.com,Female,193.176.188.33
618,Casandra,Charpling,ccharplingh5@princeton.edu,Female,165.83.63.251
619,Twyla,Lamboll,tlambollh6@ft.com,Female,242.123.15.248
620,Vinnie,Hendrik,vhendrikh7@si.edu,Male,195.66.96.2
621,Floria,Sture,fstureh8@foxnews.com,Female,102.217.236.217
622,Nico,Hannen,nhannenh9@bandcamp.com,Male,97.206.78.59
623,Freemon,Di Biagio,fdibiagioha@cbc.ca,Male,212.209.17.38
624,Brandyn,Housecroft,bhousecrofthb@webs.com,Male,192.211.47.0
625,Tricia,Southouse,tsouthousehc@guardian.co.uk,Female,122.232.240.172
626,Keenan,Pettit,kpettithd@reuters.com,Male,169.10.145.183
627,Mikkel,Blois,mbloishe@imageshack.us,Male,15.85.90.207
628,Marina,Cowitz,mcowitzhf@sourceforge.net,Female,245.132.130.128
629,Berkeley,Pendlenton,bpendlentonhg@theglobeandmail.com,Male,189.92.102.6
630,Rosalinde,Tolfrey,rtolfreyhh@deviantart.com,Female,111.62.38.86
631,Ceciley,Goodwell,cgoodwellhi@blogger.com,Female,216.128.79.249
632,Leo,Targe,ltargehj@google.cn,Male,40.121.6.210
633,Revkah,Werner,rwernerhk@google.com.hk,Female,78.234.109.230
634,Lorant,Mancell,lmancellhl@parallels.com,Male,47.165.23.62
635,Ric,Kivelhan,rkivelhanhm@networkadvertising.org,Male,124.165.156.251
636,Conn,Tomeo,ctomeohn@ifeng.com,Male,181.15.8.246
637,Ansley,Scuffham,ascuffhamho@dot.gov,Female,208.59.227.120
638,Hyman,Reveley,hreveleyhp@storify.com,Male,129.42.169.40
639,Isa,Cousen,icousenhq@google.co.jp,Female,51.199.5.90
640,Nanete,Krale,nkralehr@stanford.edu,Female,71.102.135.114
641,Andrei,Tungay,atungayhs@taobao.com,Female,63.133.175.24
642,Natala,Sear,nsearht@japanpost.jp,Female,112.90.78.212
643,Chilton,Epton,ceptonhu@walmart.com,Male,26.168.14.113
644,Carly,Gethin,cgethinhv@ucsd.edu,Male,161.89.217.103
645,Marla,Ambrozik,mambrozikhw@opensource.org,Female,93.144.236.121
646,Gar,Medlar,gmedlarhx@state.tx.us,Male,236.215.204.225
647,Kassandra,Borgesio,kborgesiohy@sogou.com,Female,225.217.205.222
648,Simona,Dowding,sdowdinghz@timesonline.co.uk,Female,122.90.67.4
649,Ransom,Puddin,rpuddini0@jalbum.net,Male,90.204.227.119
650,Anet,Livingston,alivingstoni1@mlb.com,Female,23.49.7.55
651,Nathaniel,Fuxman,nfuxmani2@gmpg.org,Male,97.207.194.59
652,Tootsie,Garforth,tgarforthi3@biblegateway.com,Female,12.123.57.152
653,Roland,Birchill,rbirchilli4@indiegogo.com,Male,129.7.42.79
654,Sena,Clothier,sclothieri5@msu.edu,Female,75.140.157.71
655,Gerard,Jessopp,gjessoppi6@desdev.cn,Male,246.49.121.119
656,Wandie,Besse,wbessei7@state.gov,Female,34.69.226.221
657,Tabbi,Pinsent,tpinsenti8@friendfeed.com,Female,140.26.100.232
658,Joey,Gonnely,jgonnelyi9@squidoo.com,Female,35.103.73.250
659,Aubine,Kyte,akyteia@abc.net.au,Female,202.12.9.81
660,Hannie,Doy,hdoyib@mit.edu,Female,156.8.122.212
661,Tibold,Polley,tpolleyic@si.edu,Male,60.167.125.224
662,Justus,Joannic,jjoannicid@loc.gov,Male,159.138.188.61
663,Oliviero,Rayman,oraymanie@live.com,Male,130.135.216.22
664,Geoffrey,Dench,gdenchif@statcounter.com,Male,117.120.83.20
665,Erskine,O'Growgane,eogrowganeig@mozilla.com,Male,230.146.73.161
666,Franchot,Cappleman,fcapplemanih@vistaprint.com,Male,155.16.206.44
667,Waylen,Duling,wdulingii@indiatimes.com,Male,180.188.206.15
668,Cortie,Nye,cnyeij@topsy.com,Male,214.198.113.146
669,Reggi,Fillis,rfillisik@craigslist.org,Female,246.40.235.211
670,Sayre,Philipson,sphilipsonil@nymag.com,Female,44.153.34.10
671,Angus,Cestard,acestardim@tripod.com,Male,206.97.164.114
672,Lowrance,Snadden,lsnaddenin@miitbeian.gov.cn,Male,47.116.233.199
673,Moina,Igounet,migounetio@ow.ly,Female,7.209.26.168
674,Itch,Harvett,iharvettip@mysql.com,Male,64.127.48.21
675,Pasquale,Denniss,pdennissiq@furl.net,Male,19.27.32.177
676,Colet,Croall,ccroallir@boston.com,Male,123.243.39.54
677,Angil,Attoc,aattocis@instagram.com,Female,220.201.142.147
678,Edgardo,MacEveley,emaceveleyit@dailymail.co.uk,Male,188.4.216.49
679,Waldemar,Webland,wweblandiu@networkadvertising.org,Male,106.8.113.130
680,Darcy,Alison,dalisoniv@google.it,Male,184.47.231.36
681,Faustine,Tewelson,ftewelsoniw@hatena.ne.jp,Female,31.104.104.76
682,Horace,Abernethy,habernethyix@dmoz.org,Male,199.121.14.50
683,Juanita,Bicker,jbickeriy@cocolog-nifty.com,Female,202.72.179.34
684,Erika,Cocks,ecocksiz@nature.com,Female,25.146.61.104
685,Kendall,Wortman,kwortmanj0@nasa.gov,Male,216.76.136.79
686,Irwin,Schettini,ischettinij1@newsvine.com,Male,94.253.184.226
687,Petr,Tebbit,ptebbitj2@kickstarter.com,Male,11.50.154.120
688,Hastings,McTeggart,hmcteggartj3@disqus.com,Male,250.33.95.110
689,Leonelle,Coultass,lcoultassj4@gov.uk,Female,231.240.173.181
690,Minerva,Maynard,mmaynardj5@engadget.com,Female,72.162.102.222
691,Goraud,Pochin,gpochinj6@fema.gov,Male,9.62.160.241
692,Silvie,Smart,ssmartj7@blogs.com,Female,173.152.236.81
693,Abbie,Ditter,aditterj8@si.edu,Male,36.6.244.216
694,Arline,Mooney,amooneyj9@unc.edu,Female,253.8.109.217
695,Basile,Caney,bcaneyja@yellowpages.com,Male,3.134.6.204
696,Leigh,Shemilt,lshemiltjb@ted.com,Male,167.144.34.42
697,Garrett,Billows,gbillowsjc@sun.com,Male,11.224.255.162
698,Ebony,Dell Casa,edellcasajd@tmall.com,Female,235.234.234.79
699,Brit,Sclanders,bsclandersje@usgs.gov,Male,11.109.149.54
700,Bowie,Keningley,bkeningleyjf@toplist.cz,Male,250.157.167.57
701,Gypsy,Ruggieri,gruggierijg@usda.gov,Female,70.26.225.72
702,Galvan,Kyle,gkylejh@ucoz.com,Male,210.187.232.31
703,Crin,Campana,ccampanaji@usda.gov,Female,211.108.130.148
704,Warde,Row,wrowjj@cocolog-nifty.com,Male,112.165.173.161
705,Maje,Keave,mkeavejk@hao123.com,Male,220.155.57.246
706,Geri,Tatershall,gtatershalljl@harvard.edu,Male,196.103.220.174
707,Daffie,Steedman,dsteedmanjm@hibu.com,Female,251.162.15.179
708,Dorice,Slowcock,dslowcockjn@vistaprint.com,Female,150.206.199.17
709,Remington,Paoloni,rpaolonijo@businessweek.com,Male,83.86.229.75
710,Eddi,Gamlyn,egamlynjp@noaa.gov,Female,226.221.97.37
711,Ulrich,Mindenhall,umindenhalljq@stumbleupon.com,Male,128.192.105.50
712,Slade,Grimsdith,sgrimsdithjr@github.com,Male,218.208.130.59
713,Liza,Dorken,ldorkenjs@squidoo.com,Female,91.89.1.222
714,Hercule,Pendrid,hpendridjt@miitbeian.gov.cn,Male,87.255.40.14
715,Stanton,Rider,sriderju@netlog.com,Male,41.79.99.88
716,Irena,Cowpertwait,icowpertwaitjv@behance.net,Female,95.177.205.219
717,Rupert,Ciotto,rciottojw@howstuffworks.com,Male,45.231.172.10
718,Phaedra,Strowther,pstrowtherjx@rediff.com,Female,184.173.45.194
719,Parker,Smout,psmoutjy@pen.io,Male,151.111.5.26
720,Dorelia,Tesoe,dtesoejz@pen.io,Female,120.45.198.165
721,Nollie,Plascott,nplascottk0@wikia.com,Male,140.4.235.133
722,Lee,Mitchel,lmitchelk1@meetup.com,Female,34.190.40.47
723,Marketa,Brashier,mbrashierk2@stanford.edu,Female,76.46.232.27
724,Dewitt,Creany,dcreanyk3@pen.io,Male,200.119.159.43
725,Martynne,Kloster,mklosterk4@tinyurl.com,Female,246.115.119.80
726,Claribel,Bauman,cbaumank5@eepurl.com,Female,148.124.11.3
727,Valeria,Bramble,vbramblek6@answers.com,Female,188.174.157.24
728,Veronika,Starrs,vstarrsk7@dropbox.com,Female,247.25.37.110
729,Almeria,Mustoo,amustook8@pbs.org,Female,166.121.58.204
730,Elaine,McAster,emcasterk9@ebay.co.uk,Female,5.206.162.78
731,Ulises,Gullberg,ugullbergka@shop-pro.jp,Male,241.27.233.5
732,Dan,O'Duane,doduanekb@cmu.edu,Male,179.127.5.81
733,Tallou,Cottee,tcotteekc@amazonaws.com,Female,187.235.91.131
734,Elicia,Humbert,ehumbertkd@amazon.co.uk,Female,187.147.127.192
735,Danny,Currie,dcurrieke@newsvine.com,Female,80.204.252.120
736,Stormi,Sunderland,ssunderlandkf@theglobeandmail.com,Female,74.44.20.88
737,Elizabeth,Feasley,efeasleykg@pen.io,Female,60.88.216.37
738,Prue,Markos,pmarkoskh@opensource.org,Female,6.144.100.79
739,Callean,Orpwood,corpwoodki@mtv.com,Male,109.194.181.104
740,Prinz,Sabie,psabiekj@delicious.com,Male,54.40.139.101
741,Zoe,Tommasi,ztommasikk@yandex.ru,Female,21.95.91.1
742,Cleve,Corday,ccordaykl@netlog.com,Male,113.216.17.249
743,Aeriell,Pimer,apimerkm@berkeley.edu,Female,189.246.10.25
744,Helyn,Sparwell,hsparwellkn@nbcnews.com,Female,243.103.91.244
745,Julio,Eam,jeamko@joomla.org,Male,108.190.32.69
746,Alexandra,Tomik,atomikkp@squarespace.com,Female,2.104.208.121
747,Hamlin,Cornils,hcornilskq@latimes.com,Male,142.47.15.251
748,Brendis,Pinwell,bpinwellkr@unc.edu,Male,143.15.22.196
749,Honoria,Petrovic,hpetrovicks@gnu.org,Female,68.220.225.198
750,Latia,Treleven,ltrelevenkt@google.com,Female,70.234.215.245
751,Lorens,Aasaf,laasafku@dion.ne.jp,Male,45.18.37.66
752,Miranda,Carlson,mcarlsonkv@live.com,Female,111.31.115.20
753,Guglielma,Bachman,gbachmankw@barnesandnoble.com,Female,28.74.242.199
754,Deny,Pele,dpelekx@wisc.edu,Female,192.16.56.84
755,Jasper,Alpin,jalpinky@over-blog.com,Male,238.117.215.156
756,Essy,Heephy,eheephykz@cyberchimps.com,Female,102.145.84.87
757,Adler,Akid,aakidl0@arstechnica.com,Male,176.107.193.72
758,Sauveur,Bernli,sbernlil1@cornell.edu,Male,169.235.166.10
759,Malinde,Lepope,mlepopel2@4shared.com,Female,176.125.218.232
760,Dorita,Daunter,ddaunterl3@nyu.edu,Female,200.101.132.86
761,Ronalda,Payle,rpaylel4@dell.com,Female,240.139.16.217
762,Paige,Bartunek,pbartunekl5@ebay.com,Male,76.98.153.204
763,Paulina,Quirke,pquirkel6@feedburner.com,Female,239.242.157.228
764,Israel,Considine,iconsidinel7@booking.com,Male,26.16.91.166
765,Jody,Kersey,jkerseyl8@nymag.com,Female,168.247.192.7
766,Demott,Rosekilly,drosekillyl9@springer.com,Male,84.215.146.50
767,Pembroke,Poytres,ppoytresla@myspace.com,Male,34.138.59.129
768,Candida,Shales,cshaleslb@etsy.com,Female,145.92.7.84
769,Hermina,Dalgarnowch,hdalgarnowchlc@oaic.gov.au,Female,199.95.146.205
770,Benton,Maleby,bmalebyld@nba.com,Male,181.67.74.57
771,Abramo,McConaghy,amcconaghyle@blogspot.com,Male,208.74.143.76
772,Arvie,Jubb,ajubblf@about.com,Male,254.224.70.34
773,Charyl,Marusic,cmarusiclg@live.com,Female,227.182.67.84
774,Glenda,Bluett,gbluettlh@japanpost.jp,Female,210.47.224.26
775,Fergus,Simons,fsimonsli@bbc.co.uk,Male,176.17.213.6
776,Conroy,Tottle,ctottlelj@mlb.com,Male,66.120.32.181
777,Helge,Reidshaw,hreidshawlk@lycos.com,Female,12.104.226.254
778,Gretta,Dubbin,gdubbinll@webnode.com,Female,19.244.98.188
779,Alyda,Le Jean,alejeanlm@qq.com,Female,230.162.134.206
780,Raimondo,Milksop,rmilksopln@illinois.edu,Male,57.10.223.34
781,Alfy,Hirth,ahirthlo@mtv.com,Male,152.101.89.244
782,Lise,Douse,ldouselp@sciencedirect.com,Female,85.195.95.112
783,Deni,Purvey,dpurveylq@pen.io,Female,44.130.240.182
784,Tadeas,Kuzemka,tkuzemkalr@typepad.com,Male,93.148.102.205
785,Jaynell,Ellinor,jellinorls@google.pl,Female,130.121.108.52
786,Kip,Philbrick,kphilbricklt@sun.com,Male,16.118.19.235
787,Rolland,Barfford,rbarffordlu@twitpic.com,Male,175.3.226.147
788,Lovell,Donnett,ldonnettlv@zdnet.com,Male,167.25.171.77
789,Korrie,Hargreave,khargreavelw@feedburner.com,Female,63.251.34.211
790,Toddie,Alejandro,talejandrolx@sciencedirect.com,Male,91.246.98.150
791,Loralyn,Litton,llittonly@goodreads.com,Female,110.20.178.86
792,Nikolaus,Hold,nholdlz@163.com,Male,120.138.24.17
793,Estele,Farnin,efarninm0@trellian.com,Female,139.87.145.134
794,Walker,Smelley,wsmelleym1@livejournal.com,Male,48.127.7.138
795,Carolyne,Greaser,cgreaserm2@infoseek.co.jp,Female,10.161.92.77
796,Boris,Harcombe,bharcombem3@xrea.com,Male,88.115.56.172
797,Vivianna,Mossdale,vmossdalem4@cnet.com,Female,104.88.180.240
798,Taddeo,Vondracek,tvondracekm5@zimbio.com,Male,189.235.197.31
799,Nyssa,Bulstrode,nbulstrodem6@symantec.com,Female,144.147.45.17
800,Garfield,Conniam,gconniamm7@ca.gov,Male,168.16.178.191
801,Karen,Eadmead,keadmeadm8@opera.com,Female,112.86.93.32
802,Darrick,Wragg,dwraggm9@behance.net,Male,148.141.84.88
803,Barny,Quirke,bquirkema@ed.gov,Male,108.124.242.121
804,Carolan,Weed,cweedmb@wp.com,Female,229.148.151.157
805,Bennett,Lenz,blenzmc@walmart.com,Male,138.56.177.215
806,Piper,Wilfing,pwilfingmd@reference.com,Female,88.38.191.225
807,Cheri,Roos,croosme@telegraph.co.uk,Female,123.48.223.112
808,Farica,Spini,fspinimf@unicef.org,Female,170.205.20.109
809,Sander,Siveter,ssivetermg@comcast.net,Male,41.70.113.248
810,Dag,Jewel,djewelmh@cmu.edu,Male,95.83.241.213
811,Theo,Sea,tseami@shop-pro.jp,Male,178.4.183.70
812,Winifield,Yelland,wyellandmj@berkeley.edu,Male,150.163.49.18
813,Efrem,Harriot,eharriotmk@ucsd.edu,Male,31.137.64.38
814,Etti,Loverock,eloverockml@weather.com,Female,144.114.180.156
815,Agneta,Hamor,ahamormm@digg.com,Female,139.128.247.131
816,Meggi,Scambler,mscamblermn@harvard.edu,Female,128.143.221.80
817,Chery,Brands,cbrandsmo@com.com,Female,56.135.162.148
818,Alidia,MacLaren,amaclarenmp@prweb.com,Female,14.2.59.174
819,Frieda,Bigham,fbighammq@tinypic.com,Female,243.207.188.186
820,Jacquenetta,Hinemoor,jhinemoormr@diigo.com,Female,23.134.174.224
821,Dal,Kirkpatrick,dkirkpatrickms@infoseek.co.jp,Male,159.27.104.34
822,Taddeusz,Rosetti,trosettimt@imdb.com,Male,78.149.202.112
823,Dot,Endrighi,dendrighimu@stumbleupon.com,Female,12.94.138.177
824,Dud,Ovendon,dovendonmv@youku.com,Male,62.155.209.119
825,Emmy,Melanaphy,emelanaphymw@fotki.com,Male,162.15.189.157
826,Korney,Beardsell,kbeardsellmx@wsj.com,Female,167.64.116.163
827,Jasen,Leaf,jleafmy@wp.com,Male,212.24.233.134
828,Demetria,Avramovsky,davramovskymz@princeton.edu,Female,231.239.234.222
829,Barr,Esterbrook,besterbrookn0@fotki.com,Male,18.212.51.79
830,Briana,McJury,bmcjuryn1@ucla.edu,Female,85.240.60.243
831,Bernardo,McBain,bmcbainn2@google.it,Male,135.255.131.94
832,Lewie,Emmins,lemminsn3@dedecms.com,Male,137.233.247.114
833,Donn,Kiraly,dkiralyn4@ucoz.com,Male,133.242.171.178
834,Johnnie,Audritt,jaudrittn5@addthis.com,Male,26.31.61.254
835,Rosana,Franklyn,rfranklynn6@unblog.fr,Female,167.116.19.210
836,Janette,Langlands,jlanglandsn7@pbs.org,Female,152.150.107.6
837,Tye,Ramet,trametn8@sina.com.cn,Male,14.108.157.231
838,Mathias,Culpan,mculpann9@reddit.com,Male,201.86.251.226
839,Linoel,Rozier,lrozierna@behance.net,Male,94.183.167.196
840,Alison,Kindall,akindallnb@mac.com,Female,194.205.223.64
841,Seana,Bragginton,sbraggintonnc@blogger.com,Female,71.167.153.26
842,Yevette,Ferrucci,yferruccind@mtv.com,Female,148.66.39.73
843,Vivien,Tisun,vtisunne@nationalgeographic.com,Female,62.174.71.138
844,Jerome,Arger,jargernf@comcast.net,Male,0.58.30.47
845,Xenia,Jakucewicz,xjakucewiczng@mit.edu,Female,83.10.205.43
846,Allyn,Dinsdale,adinsdalenh@unicef.org,Male,13.137.19.155
847,Anthe,Chadderton,achaddertonni@edublogs.org,Female,98.90.154.143
848,Stevana,Briatt,sbriattnj@washingtonpost.com,Female,171.81.176.96
849,Burnaby,Ditchett,bditchettnk@amazon.co.jp,Male,206.56.5.79
850,Leone,Ballin,lballinnl@gravatar.com,Female,116.175.170.83
851,Archaimbaud,Van der Beken,avanderbekennm@tinyurl.com,Male,150.191.154.35
852,Timi,Borsnall,tborsnallnn@plala.or.jp,Female,59.84.44.92
853,Demetre,O'Dwyer,dodwyerno@pcworld.com,Male,41.182.18.114
854,Urbano,Dietzler,udietzlernp@pen.io,Male,141.96.73.192
855,Turner,Hannabus,thannabusnq@sakura.ne.jp,Male,133.140.71.35
856,Waneta,Scutter,wscutternr@typepad.com,Female,182.209.109.244
857,Ulysses,Waggitt,uwaggittns@amazon.com,Male,108.202.201.118
858,Carlye,Pottery,cpotterynt@nba.com,Female,158.238.243.52
859,Quintana,Bennedsen,qbennedsennu@ebay.co.uk,Female,48.247.159.151
860,Olympie,Geck,ogecknv@cdc.gov,Female,88.242.186.103
861,Ethelin,Rannald,erannaldnw@qq.com,Female,49.207.57.80
862,Valentin,Coonan,vcoonannx@artisteer.com,Male,190.249.243.23
863,Editha,Tink,etinkny@imageshack.us,Female,249.52.73.58
864,Ashly,Arnefield,aarnefieldnz@yahoo.com,Female,62.71.159.51
865,Elmer,Skipworth,eskipwortho0@wikipedia.org,Male,175.83.99.113
866,Jana,McTrustram,jmctrustramo1@github.com,Female,247.92.74.186
867,Alfonso,Goodall,agoodallo2@newyorker.com,Male,254.40.45.129
868,Brenna,Northen,bnortheno3@aol.com,Female,48.96.138.0
869,Candie,Simons,csimonso4@spotify.com,Female,174.198.198.185
870,Kary,Galtone,kgaltoneo5@google.com,Female,170.211.212.169
871,Janelle,Calbaithe,jcalbaitheo6@squidoo.com,Female,65.43.231.67
872,Cobby,Bevans,cbevanso7@mashable.com,Male,210.153.98.156
873,Lowrance,Paulet,lpauleto8@reuters.com,Male,80.18.247.10
874,Reinhold,MacArd,rmacardo9@friendfeed.com,Male,233.60.146.163
875,Judye,Kettley,jkettleyoa@discovery.com,Female,165.215.63.85
876,Marcelo,Potte,mpotteob@google.com.hk,Male,87.250.83.22
877,Bernhard,Allberry,ballberryoc@last.fm,Male,143.148.23.219
878,Isador,Bye,ibyeod@ft.com,Male,135.152.215.115
879,Daffie,Blazej,dblazejoe@wiley.com,Female,196.75.75.2
880,Esra,Madner,emadnerof@unc.edu,Male,121.247.44.177
881,Filmer,McCraw,fmccrawog@barnesandnoble.com,Male,231.129.126.72
882,Engelbert,Pattington,epattingtonoh@indiegogo.com,Male,94.234.240.144
883,Mehetabel,Rove,mroveoi@goo.gl,Female,104.90.30.240
884,Latrena,Wakelam,lwakelamoj@freewebs.com,Female,242.27.53.151
885,Loreen,Senior,lseniorok@prnewswire.com,Female,72.37.197.105
886,Fidela,Kleeman,fkleemanol@gizmodo.com,Female,100.5.210.143
887,Enos,Romaine,eromaineom@addthis.com,Male,185.89.196.130
888,Crysta,O'Mailey,comaileyon@yahoo.co.jp,Female,102.178.54.81
889,Frazier,Saveall,fsavealloo@goo.ne.jp,Male,146.146.163.108
890,Reiko,Lowndes,rlowndesop@sciencedirect.com,Female,239.182.98.215
891,Arabela,Tiltman,atiltmanoq@free.fr,Female,42.203.168.255
892,Olly,Fraser,ofraseror@shop-pro.jp,Male,166.202.188.252
893,Eimile,Kitchener,ekitcheneros@huffingtonpost.com,Female,103.225.20.244
894,Brock,Tunbridge,btunbridgeot@mit.edu,Male,127.20.4.93
895,Rodger,Pestridge,rpestridgeou@msn.com,Male,202.157.94.46
896,Ferne,Martlew,fmartlewov@facebook.com,Female,106.142.59.191
897,Merola,Cancellor,mcancellorow@comsenz.com,Female,85.228.179.5
898,Christalle,Gamble,cgambleox@amazonaws.com,Female,250.30.104.134
899,Jen,Gidley,jgidleyoy@google.com,Female,241.59.152.15
900,Peirce,Doggart,pdoggartoz@mtv.com,Male,113.41.152.204
901,Garvin,Mac,gmacp0@dailymail.co.uk,Male,253.137.97.11
902,Doralyn,Doorly,ddoorlyp1@joomla.org,Female,92.149.15.97
903,Noelyn,Grason,ngrasonp2@marriott.com,Female,6.105.55.37
904,Daffie,Baudinelli,dbaudinellip3@gizmodo.com,Female,89.65.134.179
905,Anna-maria,Kitchingman,akitchingmanp4@fc2.com,Female,60.249.223.186
906,Lennard,Repper,lrepperp5@list-manage.com,Male,9.10.201.70
907,Giorgio,Eldritt,geldrittp6@earthlink.net,Male,26.202.44.118
908,Brigham,Gilpin,bgilpinp7@freewebs.com,Male,156.23.39.231
909,Trix,Troman,ttromanp8@va.gov,Female,117.65.253.136
910,Dare,Penright,dpenrightp9@blogs.com,Male,186.81.161.43
911,Ruby,Klouz,rklouzpa@google.com.au,Male,86.19.236.53
912,Waly,O'Keevan,wokeevanpb@answers.com,Female,204.188.156.55
913,Alphonse,Tipling,atiplingpc@digg.com,Male,216.92.96.167
914,Ali,Austwick,aaustwickpd@sohu.com,Male,143.214.254.94
915,Sal,Tall,stallpe@mac.com,Male,228.102.223.8
916,Patten,Jorg,pjorgpf@wiley.com,Male,150.162.106.85
917,Drud,Craighall,dcraighallpg@yelp.com,Male,112.110.53.66
918,Paton,Moxham,pmoxhamph@opensource.org,Male,232.55.38.133
919,Jack,Rivett,jrivettpi@vk.com,Male,115.170.44.92
920,Charmain,O'Fielly,cofiellypj@mediafire.com,Female,223.30.74.200
921,Vallie,Leathes,vleathespk@digg.com,Female,114.106.143.114
922,Mic,MacGilmartin,mmacgilmartinpl@shutterfly.com,Male,41.88.118.68
923,Loren,Wheatley,lwheatleypm@timesonline.co.uk,Female,177.171.10.60
924,Cherise,Sargant,csargantpn@google.ca,Female,131.92.229.35
925,Elmira,Astlett,eastlettpo@163.com,Female,104.237.129.22
926,Berry,Pretious,bpretiouspp@nhs.uk,Female,190.79.225.188
927,Greer,Gravatt,ggravattpq@dmoz.org,Female,157.234.151.204
928,Adolph,Whipple,awhipplepr@xing.com,Male,223.77.245.158
929,Bel,Klimp,bklimpps@photobucket.com,Female,119.22.140.171
930,Tabbitha,Ferrini,tferrinipt@jugem.jp,Female,179.2.121.146
931,Michel,McConville,mmcconvillepu@psu.edu,Male,18.145.121.138
932,Garry,Cool,gcoolpv@soundcloud.com,Male,187.31.16.191
933,Christie,Haveline,chavelinepw@jimdo.com,Male,104.144.255.95
934,Douglas,Warlton,dwarltonpx@diigo.com,Male,166.147.209.143
935,Godfrey,Blackleech,gblackleechpy@deviantart.com,Male,120.190.191.212
936,Johannes,Gough,jgoughpz@discovery.com,Male,72.14.213.254
937,Constantine,Kretschmer,ckretschmerq0@arstechnica.com,Female,48.174.188.13
938,Jess,Jacobsz,jjacobszq1@ox.ac.uk,Male,244.65.132.33
939,Sharity,McGaugey,smcgaugeyq2@dot.gov,Female,8.33.213.168
940,Mariel,Ivankin,mivankinq3@booking.com,Female,55.158.59.11
941,Ellette,Camilio,ecamilioq4@nps.gov,Female,208.225.249.215
942,Mandy,Gallaway,mgallawayq5@unicef.org,Female,158.92.204.215
943,Bryon,Tant,btantq6@google.it,Male,72.154.187.21
944,Liane,Dwelley,ldwelleyq7@nifty.com,Female,240.218.7.150
945,Kevon,Hook,khookq8@gnu.org,Male,99.200.198.64
946,Marilin,Cureton,mcuretonq9@sogou.com,Female,76.226.249.79
947,Skell,Frederick,sfrederickqa@freewebs.com,Male,52.215.153.27
948,Ophelie,Markl,omarklqb@tinypic.com,Female,142.151.17.68
949,Dex,Stanislaw,dstanislawqc@wiley.com,Male,139.47.137.16
950,Auguste,Ashling,aashlingqd@census.gov,Female,175.65.51.229
951,Brennan,Farquarson,bfarquarsonqe@list-manage.com,Male,168.25.179.143
952,Garnet,Cockin,gcockinqf@nhs.uk,Female,103.10.137.220
953,Pavla,Wolver,pwolverqg@slashdot.org,Female,50.182.33.191
954,Sherline,Tallow,stallowqh@sciencedirect.com,Female,84.108.164.227
955,Alisa,Judd,ajuddqi@webmd.com,Female,37.160.234.45
956,Beauregard,Gulberg,bgulbergqj@smh.com.au,Male,175.32.164.105
957,Angeline,Lashbrook,alashbrookqk@theglobeandmail.com,Female,134.229.100.148
958,Case,Quakley,cquakleyql@ocn.ne.jp,Male,24.42.180.69
959,Freda,Giovannetti,fgiovannettiqm@hostgator.com,Female,229.58.62.64
960,Fredrick,Nelhams,fnelhamsqn@nydailynews.com,Male,171.237.69.200
961,Erena,Jackling,ejacklingqo@vk.com,Female,18.113.154.105
962,Garrett,Keeley,gkeeleyqp@icio.us,Male,153.252.6.201
963,Cecilla,Grigorkin,cgrigorkinqq@discovery.com,Female,51.62.89.9
964,Rhodia,Steiner,rsteinerqr@printfriendly.com,Female,66.81.90.3
965,Susannah,Ketteridge,sketteridgeqs@noaa.gov,Female,248.108.6.78
966,Mil,MacPhaden,mmacphadenqt@bing.com,Female,10.138.85.172
967,Denys,Gisburn,dgisburnqu@vimeo.com,Male,151.98.17.23
968,Maude,Wiggam,mwiggamqv@abc.net.au,Female,223.137.40.172
969,Nina,Sabin,nsabinqw@acquirethisname.com,Female,53.161.126.55
970,Ransom,Eveling,revelingqx@pagesperso-orange.fr,Male,245.67.173.152
971,Pepi,Pyott,ppyottqy@virginia.edu,Female,183.14.113.148
972,Karleen,Caret,kcaretqz@wikipedia.org,Female,159.152.1.98
973,Allin,Blaszczynski,ablaszczynskir0@issuu.com,Male,9.155.80.71
974,Gilles,Overil,goverilr1@reference.com,Male,127.87.121.168
975,Nonie,Ghidoli,nghidolir2@hc360.com,Female,234.161.60.52
976,Angela,Collings,acollingsr3@berkeley.edu,Female,156.84.25.97
977,Corbin,Geering,cgeeringr4@sohu.com,Male,185.224.15.16
978,Krisha,Markos,kmarkosr5@nsw.gov.au,Male,51.213.77.234
979,Niles,Erratt,nerrattr6@mayoclinic.com,Male,20.224.191.138
980,Pollyanna,Sizland,psizlandr7@arizona.edu,Female,107.80.66.244
981,Jeri,De Carolis,jdecarolisr8@yahoo.com,Female,61.11.225.230
982,Stephanie,Santi,ssantir9@theglobeandmail.com,Female,159.255.74.108
983,Herman,Pizer,hpizerra@posterous.com,Male,144.4.147.29
984,Hilary,Farmiloe,hfarmiloerb@trellian.com,Female,200.119.103.183
985,Celina,Kubes,ckubesrc@google.nl,Female,49.136.42.206
986,Halley,Jarret,hjarretrd@guardian.co.uk,Female,38.66.61.107
987,Domenic,Angrave,dangravere@nba.com,Male,176.136.168.41
988,Desirae,Rowledge,drowledgerf@loc.gov,Female,22.231.231.125
989,Greggory,Itzhak,gitzhakrg@about.me,Male,72.29.101.79
990,Clare,Humphery,chumpheryrh@patch.com,Female,190.10.95.206
991,Linnea,Heaney`,lheaneyri@digg.com,Female,65.190.39.234
992,Madelyn,Chellam,mchellamrj@foxnews.com,Female,173.154.215.167
993,Alena,Weston,awestonrk@hao123.com,Female,109.29.8.72
994,Joscelin,Scholtz,jscholtzrl@merriam-webster.com,Female,29.215.11.85
995,Rufus,Semerad,rsemeradrm@slate.com,Male,136.170.104.102
996,Cyndia,Patria,cpatriarn@homestead.com,Female,133.48.114.88
997,Tiler,Newsome,tnewsomero@tinypic.com,Male,161.116.49.57
998,Carroll,Vaughten,cvaughtenrp@illinois.edu,Female,235.1.92.145
999,Walsh,Dimmick,wdimmickrq@addtoany.com,Male,119.156.208.203
1000,Harlin,Piens,hpiensrr@sina.com.cn,Male,100.80.158.221
